Title,Company,Location,Duration,Stipend,Description,Link
N/A,N/A,N/A,N/A,Competitive stipend,,
N/A,N/A,N/A,N/A,Competitive stipend,,
N/A,N/A,N/A,N/A,Competitive stipend,,
N/A,N/A,N/A,N/A,Competitive stipend,,
N/A,N/A,N/A,N/A,Competitive stipend,,
N/A,N/A,N/A,N/A,Competitive stipend,,
N/A,N/A,N/A,N/A,"₹ 3,000 - 6,000 /month",,
N/A,N/A,N/A,N/A,"₹ 3,000 /month",,
N/A,N/A,N/A,N/A,"₹ 2,000 - 5,000 /month",,
N/A,N/A,N/A,N/A,Competitive stipend,,
N/A,N/A,N/A,N/A,N/A,,
N/A,N/A,N/A,N/A,"₹ 6,000 - 10,000 /month",,
N/A,N/A,N/A,N/A,"₹ 5,000 /month",,
N/A,N/A,N/A,N/A,"₹ 15,000 - 20,000 /month",,
N/A,N/A,N/A,N/A,"₹ 15,000 - 25,000 /month",,
N/A,N/A,N/A,N/A,"₹ 1,000 /month",,
N/A,N/A,N/A,N/A,Unpaid,,
N/A,N/A,N/A,N/A,"₹ 15,000 - 25,000 /month",,
N/A,N/A,N/A,N/A,"₹ 25,000 /month",,
N/A,N/A,N/A,N/A,"₹ 2,000 /month",,
N/A,N/A,N/A,N/A,"₹ 11,000 - 25,000 /month",,
N/A,N/A,N/A,N/A,"₹ 5,000 - 10,000 /month",,
N/A,N/A,N/A,N/A,"₹ 10,000 - 15,000 /month",,
N/A,N/A,N/A,N/A,"₹ 7,001 - 11,500 /month",,
N/A,N/A,N/A,N/A,"₹ 3,000 - 4,000 /month",,
N/A,N/A,N/A,N/A,"₹ 8,000 - 12,000 /month",,
N/A,N/A,N/A,N/A,"₹ 15,000 - 25,000 /month",,
N/A,N/A,N/A,N/A,"₹ 5,000 - 15,000 /month",,
N/A,N/A,N/A,N/A,"₹ 7,000 - 15,000 /month",,
N/A,N/A,N/A,N/A,"₹ 9,000 /month",,
N/A,N/A,N/A,N/A,"₹ 10,000 - 40,000 /month",,
N/A,N/A,N/A,N/A,"₹ 10,000 /month",,
N/A,N/A,N/A,N/A,Unpaid,,
N/A,N/A,N/A,N/A,"₹ 8,000 - 15,000 /month",,
N/A,N/A,N/A,N/A,"₹ 17,500 - 40,000 /month",,
N/A,N/A,N/A,N/A,"₹ 5,000 /month",,
N/A,N/A,N/A,N/A,"₹ 10,000 - 20,000 /month",,
N/A,N/A,N/A,N/A,"₹ 3,000 /month",,
N/A,N/A,N/A,N/A,"₹ 10,000 - 15,000 /month",,
N/A,N/A,N/A,N/A,"₹ 6,000 - 10,000 /month",,
N/A,N/A,N/A,N/A,"₹ 13,000 - 23,000 /month",,
